{
  "movie": {
    "precision": 1.0,
    "recall": 1.0,
    "f1-score": 1.0,
    "support": 3,
    "confused_with": {}
  },
  "movie_or_tv": {
    "precision": 0.9642857142857143,
    "recall": 1.0,
    "f1-score": 0.9818181818181818,
    "support": 54,
    "confused_with": {}
  },
  "genre": {
    "precision": 1.0,
    "recall": 1.0,
    "f1-score": 1.0,
    "support": 42,
    "confused_with": {}
  },
  "micro avg": {
    "precision": 0.9801980198019802,
    "recall": 1.0,
    "f1-score": 0.99,
    "support": 99
  },
  "macro avg": {
    "precision": 0.9880952380952381,
    "recall": 1.0,
    "f1-score": 0.993939393939394,
    "support": 99
  },
  "weighted avg": {
    "precision": 0.9805194805194805,
    "recall": 1.0,
    "f1-score": 0.9900826446280991,
    "support": 99
  },
  "accuracy": 0.9972067039106145
}