{
  "movie": {
    "precision": 0.0,
    "recall": 0.0,
    "f1-score": 0.0,
    "support": 3,
    "confused_with": {}
  },
  "movie_or_tv": {
    "precision": 0.0,
    "recall": 0.0,
    "f1-score": 0.0,
    "support": 54,
    "confused_with": {}
  },
  "genre": {
    "precision": 0.9767441860465116,
    "recall": 1.0,
    "f1-score": 0.988235294117647,
    "support": 42,
    "confused_with": {}
  },
  "micro avg": {
    "precision": 0.9767441860465116,
    "recall": 0.42424242424242425,
    "f1-score": 0.5915492957746479,
    "support": 99
  },
  "macro avg": {
    "precision": 0.3255813953488372,
    "recall": 0.3333333333333333,
    "f1-score": 0.32941176470588235,
    "support": 99
  },
  "weighted avg": {
    "precision": 0.4143763213530655,
    "recall": 0.42424242424242425,
    "f1-score": 0.41925133689839567,
    "support": 99
  },
  "accuracy": 0.9189944134078212
}