{
  "": {
    "precision": 0.0,
    "recall": 0.0,
    "f1-score": 0.0,
    "support": 2
  },
  "action_genres_available": {
    "precision": 0.5,
    "recall": 0.5,
    "f1-score": 0.5,
    "support": 2
  },
  "movie_tv_form": {
    "precision": 1.0,
    "recall": 0.5,
    "f1-score": 0.6666666666666666,
    "support": 2
  },
  "utter_disambigua_movie_tv": {
    "precision": 0.5,
    "recall": 1.0,
    "f1-score": 0.6666666666666666,
    "support": 1
  },
  "None": {
    "precision": 0.0,
    "recall": 0.0,
    "f1-score": 0.0,
    "support": 3
  },
  "utter_genres": {
    "precision": 1.0,
    "recall": 1.0,
    "f1-score": 1.0,
    "support": 2
  },
  "action_listen": {
    "precision": 1.0,
    "recall": 0.4,
    "f1-score": 0.5714285714285715,
    "support": 5
  },
  "[movie](movie_or_tv)": {
    "precision": 0.25,
    "recall": 1.0,
    "f1-score": 0.4,
    "support": 1
  },
  "help_genres": {
    "precision": 0.6666666666666666,
    "recall": 1.0,
    "f1-score": 0.8,
    "support": 2
  },
  "ask_movie": {
    "precision": 0.5,
    "recall": 1.0,
    "f1-score": 0.6666666666666666,
    "support": 1
  },
  "micro avg": {
    "precision": 0.6111111111111112,
    "recall": 0.5238095238095238,
    "f1-score": 0.5641025641025642,
    "support": 21
  },
  "macro avg": {
    "precision": 0.5416666666666667,
    "recall": 0.64,
    "f1-score": 0.5271428571428571,
    "support": 21
  },
  "weighted avg": {
    "precision": 0.5992063492063492,
    "recall": 0.5238095238095238,
    "f1-score": 0.5011337868480725,
    "support": 21
  },
  "accuracy": 0.5238095238095238,
  "conversation_accuracy": {
    "accuracy": 0.5,
    "correct": 1,
    "with_warnings": 0,
    "total": 2
  }
}