{
  "": {
    "precision": 0.0,
    "recall": 0.0,
    "f1-score": 0.0,
    "support": 2
  },
  "action_listen": {
    "precision": 1.0,
    "recall": 0.4,
    "f1-score": 0.5714285714285715,
    "support": 5
  },
  "action_genres_available": {
    "precision": 1.0,
    "recall": 0.5,
    "f1-score": 0.6666666666666666,
    "support": 2
  },
  "[movie](movie_or_tv)": {
    "precision": 0.25,
    "recall": 1.0,
    "f1-score": 0.4,
    "support": 1
  },
  "utter_disambigua_movie_tv": {
    "precision": 0.5,
    "recall": 1.0,
    "f1-score": 0.6666666666666666,
    "support": 1
  },
  "ask_movie": {
    "precision": 0.5,
    "recall": 1.0,
    "f1-score": 0.6666666666666666,
    "support": 1
  },
  "None": {
    "precision": 0.0,
    "recall": 0.0,
    "f1-score": 0.0,
    "support": 3
  },
  "help_genres": {
    "precision": 0.6666666666666666,
    "recall": 1.0,
    "f1-score": 0.8,
    "support": 2
  },
  "utter_genres": {
    "precision": 1.0,
    "recall": 1.0,
    "f1-score": 1.0,
    "support": 2
  },
  "micro avg": {
    "precision": 0.625,
    "recall": 0.5263157894736842,
    "f1-score": 0.5714285714285714,
    "support": 19
  },
  "macro avg": {
    "precision": 0.5462962962962963,
    "recall": 0.6555555555555556,
    "f1-score": 0.5301587301587302,
    "support": 19
  },
  "weighted avg": {
    "precision": 0.6096491228070174,
    "recall": 0.5263157894736842,
    "f1-score": 0.5012531328320803,
    "support": 19
  },
  "accuracy": 0.5263157894736842,
  "conversation_accuracy": {
    "accuracy": 0.5,
    "correct": 1,
    "with_warnings": 0,
    "total": 2
  }
}